,,Product Name,Product Image File - 1
Product,85,,
,,[CS]Choose Style=Earth:#2fdb04,890_source_1447716532.jpg
,,[CS]Choose Style=Sun:#ffdd00,891_source_1447716548.jpg
,,[CS]Choose Style=Pluto:#ffa8ff,892_source_1447716562.jpg
,,[CS]Choose Style=Moon:#ffffff,893_source_1447716576.jpg
Product,105,,
,,[CS]Color=Blue:#005EFF,119_source_1424674726.jpg
,,[CS]Color=Black:#000000,120_source_1424674742.jpg
Product,109,,
,,[CS]Choose a Color=Red:#FF0000,282_source_1428597127.jpg
,,[CS]Choose a Color=Orange:#FF7700,283_source_1428597237.jpg
,,[CS]Choose a Color=Black:#000000,482_source_1432075873.jpg
Product,110,,
,,[CS]Choose a Color=Black:#000000,667_source_1434581031.jpg
,,[CS]Choose a Color=White:#FFFFFF,668_source_1434581078.jpg
Product,114,,
,,[CS]Color=Blue:#005EFF,459_source_1431889535.jpg
,,[CS]Color=Green:#00D407,460_source_1431889681.jpg
,,[CS]Color=White:#FFFFFF,461_source_1431889706.jpg
,,[CS]Color=Pink:#FFA6ED,462_source_1431889731.jpg
,,[CS]Color=Teal:#13C29F,463_source_1431889750.jpg
Product,125,,
,,[CS]Color=Glow in the Dark:372.preview.png,771_source_1439477783.jpg
Product,152,,
,,[CS]Color=Black:#000000,188_source_1427620290.jpg
,,[CS]Color=Black Chrome:#828282,189_source_1426449874.jpg
,,[CS]Color=Blue:#0015FF,190_source_1426455287.jpg
,,[CS]Color=Champagne:#FFAA00,191_source_1426455312.jpg
,,[CS]Color=Dark Green:#126302,192_source_1427620337.jpg
,,[CS]Color=Gold:#FFDD00,193_source_1426449991.jpg
,,[CS]Color=Purple:#AA00D4,194_source_1426450170.jpg
,,[CS]Color=Red:#F50000,195_source_1427620777.jpg
,,[CS]Color=Chrome:#D1D1D1,196_source_1426784565.jpg
,,[CS]Color=Pink:#FF0A95,197_source_1427620364.jpg
,,[CS]Color=Turquoise:#00FFFF,198_source_1427620536.jpg
,,[CS]Color=Yellow:#DDFF00,200_source_1427620444.jpg
,,[CS]Color=White:#FFFFFF,199_source_1427620491.jpg
,,[CS]Color=Green:#00AD0C,212_source_1427620405.jpg
Product,166,,
,,[CS]Color=Blue:#0015FF,202_source_1426452953.jpg
,,[CS]Color=Green:#0DFF00,203_source_1426452980.jpg
,,[CS]Color=Black:#000000,204_source_1426453001.jpg
,,[CS]Color=Brown:#755411,205_source_1426453026.jpg
,,[CS]Color=Red:#EB0707,206_source_1426453045.jpg
,,[CS]Color=Purple:#A029DB,207_source_1426453070.jpg
,,[CS]Color=Yellow:#F7FF00,208_source_1426453095.jpg
,,[CS]Color=Pink:#FF00EE,209_source_1426453178.jpg
,,[CS]Color=Gray:#B3B3B3,210_source_1426453215.jpg
,,[CS]Color=White:#FFFFFF,211_source_1426453236.jpg
Product,174,,
,,[CS]Color=Aqua:#57EBFF,487_source_1432076835.jpg
,,[CS]Color=Cobalt Blue:#0048FF,488_source_1432076852.jpg
,,[CS]Color=Forrest Green:#218A60,489_source_1432076861.jpg
,,[CS]Color=Black:#000000,490_source_1432076873.jpg
Product,178,,
,,[CS]Color=Blue:#005EFF,92_source_1424485883.jpg
,,[CS]Color=Green:#00D407,93_source_1424485899.jpg
,,[CS]Color=Black:#000000,95_source_1424485919.jpg
Product,179,,
,,[CS]Color=Blue:#0000FF,313_source_1429739903.jpg
Product,183,,
,,[CS]Color=Blue:#005EFF,729_source_1435867375.jpg
,,[CS]Color=Black:#000000,730_source_1435867387.jpg
,,[CS]Color=Red:#FF0000,731_source_1435867408.jpg
Product,186,,
,,[CS]Color=Blue:#005EFF,747_source_1446421668.jpg
,,[CS]Color=Black:#000000,748_source_1446421736.jpg
,,[CS]Color=Red:#FF0000,879_source_1446419007.jpg
,,[CS]Color=Green:#00D407,880_source_1446419035.jpg
Product,187,,
,,[CS]Choose a Color=Blue:#005EFF,330_source_1430836626.jpg
,,[CS]Choose a Color=Green:#00D407,331_source_1430836649.jpg
,,[CS]Choose a Color=Purple:#BD00BD,332_source_1430836676.jpg
,,[CS]Choose a Color=Pink:#FFA6ED,333_source_1430836691.jpg
Product,221,,
,,[CS]Choose a Color=Blue:#005EFF,322_source_1430498543.jpg
,,[CS]Choose a Color=Green:#00D407,323_source_1430498685.jpg
,,[CS]Choose a Color=Black:#000000,324_source_1430498718.jpg
Product,227,,
,,[CS]Choose a Color=Green:#00D407,222_source_1427050260.jpg
,,[CS]Choose a Color=Yellow:#FFF200,223_source_1427050315.jpg
,,[CS]Choose a Color=Red:#FF0000,224_source_1427050357.jpg
Product,231,,
,,[CS]Color=Blue:#005EFF,853_source_1442012334.jpg
,,[CS]Color=Green:#00D407,854_source_1442012350.jpg
,,[CS]Color=Red:#FF0000,855_source_1442012370.jpg
,,[CS]Color=Black:#000000,856_source_1442012384.jpg
Product,232,,
,,[CS]Choose a Color=Green:#00D407,245_source_1442011203.jpg
,,[CS]Choose a Color=Black:#000000,848_source_1442011234.jpg
,,[CS]Choose a Color=Red:#FF0000,864_source_1444098677.jpg
Product,235,,
,,[CS]Choose a Color=White:#FFFFFF,240_source_1427132584.jpg
,,[CS]Choose a Color=Green:#00D407,241_source_1427132606.jpg
,,[CS]Choose a Color=Green:#00D407,242_source_1427132648.jpg
Product,236,,
,,[CS]Color=Blue:#005EFF,850_source_1442011818.jpg
,,[CS]Color=Green:#00D407,851_source_1442011635.jpg
,,[CS]Color=Red:#FF0000,852_source_1442011839.jpg
Product,240,,
,,[CS]Choose a Color=Green:#00D407,234_source_1427128995.jpg
,,[CS]Choose a Color=Pink:#FFA6ED,235_source_1427129018.jpg
,,[CS]Choose a Color=Blue:#005EFF,236_source_1427129045.jpg
Product,242,,
,,[CS]Choose a Color=Yellow:#FFF200,225_source_1427052595.jpg
,,[CS]Choose a Color=Green:#00D407,226_source_1427053961.jpg
,,[CS]Choose a Color=Blue:#005EFF,227_source_1427124734.jpg
,,[CS]Choose a Color=Red:#FF0000,908_source_1448064055.jpg
Product,243,,
,,[CS]Color=Orange:#FF7700,763_source_1439328702.jpg
,,[CS]Color=Blue:#005EFF,764_source_1439328744.jpg
,,[CS]Color=Green:#00D407,765_source_1439328809.jpg
,,[CS]Color=Red:#FF0000,766_source_1439328843.jpg
,,[CS]Color=Brown:#752500,767_source_1439328891.jpg
Product,244,,
,,[CS]Color=Air:348.preview.png,711_source_1435587313.jpg
,,[CS]Color=Rasta:346.preview.png,712_source_1435587355.jpg
,,[CS]Color=Jail:354.preview.png,714_source_1435587468.jpg
,,[CS]Color=Fire:347.preview.png,715_source_1435587540.jpg
Product,245,,
,,[CS]Color=Green:#14A314,719_source_1435591849.jpg
,,[CS]Color=Blue:#002BD6,720_source_1435591868.jpg
,,[CS]Color=Amber:#CC3C08,721_source_1435591885.jpg
Product,247,,
Product,248,,
,,[CS]Color=Cherry:#C70000,716_source_1435589713.jpg
,,[CS]Color=Wood Grain:#EBC555,717_source_1435589731.jpg
,,[CS]Color=Pink:#FF00EE,718_source_1435589748.jpg
Product,262,,
,,[CS]Color=Black:#000000,143_source_1424892917.jpg
,,[CS]Color=Gun Metal:#383838,144_source_1424892940.jpg
,,[CS]Color=Rasta:213.preview.png,145_source_1424892591.jpg
Product,283,,
,,[CS]Color=Blue:#0000FF,237_source_1427130597.jpg
,,[CS]Color=White:#FFFFFF,238_source_1427130621.jpg
,,[CS]Color=Slyme:#88FF00,239_source_1427130645.jpg
Product,287,,
,,[CS]Color=Clear:#FFFFFF,476_source_1432073615.jpg
,,[CS]Color=Green:#008000,477_source_1432073628.jpg
,,[CS]Color=Blue:#0000FF,478_source_1432073642.jpg
,,[CS]Color=Pink:#FF66FF,479_source_1432073656.jpg
,,[CS]Color=Amber:#B03915,480_source_1432073670.jpg
,,[CS]Color=Charcoal:#0F2E07,481_source_1432073685.jpg
Product,288,,
,,[CS]Color=Clear:#FFFFFF,406_source_1431714430.jpg
,,[CS]Color=Green:#008000,407_source_1431714450.jpg
,,[CS]Color=Blue:#0000FF,408_source_1431714502.jpg
,,[CS]Color=Blue:#0000FF,409_source_1431714503.jpg
,,[CS]Color=Pink:#FF66FF,410_source_1431714526.jpg
,,[CS]Color=Amber:#B03915,411_source_1431714566.jpg
,,[CS]Color=Charcoal:#0F2E07,412_source_1431714593.jpg
Product,294,,
,,[CS]Color=Blue:#005EFF,105_source_1424490712.jpg
,,[CS]Color=Green:#00D407,106_source_1424491187.jpg
,,[CS]Color=Black:#000000,107_source_1424491206.jpg
,,[CS]Color=White:#FFFFFF,108_source_1424491225.jpg
,,[CS]Color=Pink:#FFA6ED,109_source_1424491242.jpg
,,[CS]Color=Teal:#13C29F,110_source_1424491260.jpg
Product,297,,
,,[CS]Color=Blue:#005EFF,841_source_1442011989.jpg
,,[CS]Color=Green:#00D407,842_source_1442012006.jpg
,,[CS]Color=Green:#00D407,843_source_1442010740.jpg
,,[CS]Color=Red:#FF0000,846_source_1442012023.jpg
,,[CS]Color=Green:#00D407,844_source_1442010740.jpg
,,[CS]Color=Green:#00D407,845_source_1442010741.jpg
,,[CS]Color=White:#FFFFFF,847_source_1442012039.jpg
Product,312,,
,,[CS]Color=Clear:#FFFFFF,470_source_1432073118.jpg
,,[CS]Color=Green:#008000,471_source_1432073131.jpg
,,[CS]Color=Blue:#0000FF,472_source_1432073144.jpg
,,[CS]Color=Pink:#FF66FF,473_source_1432073156.jpg
,,[CS]Color=Amber:#B03915,474_source_1432073167.jpg
,,[CS]Color=Charcoal:#0F2E07,475_source_1432073181.jpg
Product,315,,
,,[CS]Color=Gold:#DBDB1B,284_source_1428947934.jpg
,,[CS]Color=Black:#000000,285_source_1429056723.jpg
,,[CS]Color=White:#FFFFFF,286_source_1428947994.jpg
,,[CS]Color=Blue:#0000FF,287_source_1428948023.jpg
,,[CS]Color=Green:#008000,288_source_1428948058.jpg
,,[CS]Color=Red:#FF0000,289_source_1428948082.jpg
,,[CS]Color=Pink:#FF00D9,290_source_1428948107.jpg
,,[CS]Color=Black TieDye:485.preview.png,291_source_1428948133.jpg
,,[CS]Color=Silver:#A1A1A1,292_source_1428948155.jpg
Product,321,,
,,[CS]Color=Blue:#0000FF,249_source_1427392109.jpg
,,[CS]Color=Black:#000000,250_source_1427392127.jpg
,,[CS]Color=Gold:#D4D41E,251_source_1427392159.jpg
,,[CS]Color=Green:#008000,252_source_1427392186.jpg
,,[CS]Color=Orange:#FF9900,253_source_1427392209.jpg
,,[CS]Color=Purple:#BF00FF,254_source_1427392233.jpg
,,[CS]Color=Red:#FF0000,255_source_1427392259.jpg
Product,331,,
,,[RT]Size=22mm,64_source_1422314898.jpg
Product,352,,
,,[CS]Choose a Color=Red:#FF0000,246_source_1427389458.jpg
,,[CS]Choose a Color=Green:#00D407,247_source_1427389489.jpg
,,[CS]Choose a Color=Blue:#005EFF,248_source_1427389511.jpg
Product,358,,
,,[CS]Choose a Color=Black:#000000,749_source_1437764790.jpg
,,[CS]Choose a Color=White:#FFFFFF,750_source_1437764867.jpg
Product,361,,
,,[CS]Headband Color=Blue:#006AFF,72_source_1423018605.jpg
,,[CS]Headband Color=Orange:#FF7B00,73_source_1436555465.jpg
Product,365,,
,,[CS]Color=Blue:#005EFF,111_source_1424493016.jpg
,,[CS]Color=White:#FFFFFF,112_source_1424493036.jpg
,,[CS]Color=Pink:#FFA6ED,113_source_1424493053.jpg
,,[CS]Color=Green:#00D407,170_source_1426176800.jpg
,,[CS]Color=Black:#000000,171_source_1426176867.jpg
Product,410,,
,,[CS]Choose a Color=Black:#000000,278_source_1428595465.jpg
,,[CS]Choose a Color=Green:#00D407,279_source_1428595485.jpg
,,[CS]Choose a Color=White:#FFFFFF,280_source_1428595516.jpg
,,[CS]Choose a Color=White:#FFFFFF,281_source_1428595520.jpg
Product,419,,
,,[CS]Choose a Color=Blue:#005EFF,374_source_1431217507.jpg
,,[CS]Choose a Color=Orange:#FF7700,375_source_1431217519.jpg
,,[CS]Choose a Color=Green:#00D407,774_source_1439483327.jpg
Product,421,,
,,[CS]Color=Blue:#005EFF,172_source_1426182685.jpg
,,[CS]Color=Rasta:213.preview.png,173_source_1426182763.jpg
,,[CS]Color=Green:#00D407,174_source_1426182787.jpg
Product,437,,
,,[CS]Choose a Color=Green:#00D407,336_source_1430928405.jpg
,,[CS]Choose a Color=Blue:#005EFF,337_source_1430928443.jpg
,,[CS]Choose a Color=Rasta:213.preview.png,338_source_1430928462.jpg
,,[CS]Choose a Color=Red:#FF0000,869_source_1444785691.jpg
Product,439,,
,,[CS]Choose a Color=White:#FFFFFF,256_source_1427958071.jpg
,,[CS]Choose a Color=Blue:#005EFF,257_source_1427958052.jpg
,,[CS]Choose a Color=Blue:#005EFF,258_source_1427958053.jpg
,,[CS]Choose a Color=Black:#000000,259_source_1427958105.jpg
Product,449,,
,,[CS]Barrel Color:=Blue:#0066FF,29_source_1420180906.jpg
,,[CS]Barrel Color:=Green:#00BD06,30_source_1420180977.jpg
Product,451,,
,,[CS]Color=Black:#000000,364_source_1431188068.jpg
,,[CS]Color=Blue:#0037FF,365_source_1431188083.jpg
Product,458,,
,,[CS]Color=Black:#000000,366_source_1431188126.jpg
,,[CS]Color=Blue:#0037FF,367_source_1431188139.jpg
Product,463,,
,,[CS]Color=Gun Metal:#383838,130_source_1424730855.jpg
,,[CS]Color=Blue:#005EFF,131_source_1424730988.jpg
,,[CS]Color=Black:#000000,132_source_1424731106.jpg
,,[CS]Color=Rasta:213.preview.png,133_source_1424731212.jpg
Product,465,,
,,[CS]Color=Blue:#005EFF,121_source_1424727957.jpg
,,[CS]Color=Green:#00D407,122_source_1424727975.jpg
,,[CS]Color=Black:#000000,123_source_1424728023.jpg
,,[CS]Color=Red:#FF0000,124_source_1424728045.jpg
,,[CS]Color=Purple:#BD00BD,125_source_1424728098.jpg
,,[CS]Color=Orange:#FF7700,126_source_1424728136.jpg
,,[CS]Color=Gun Metal:#383838,127_source_1424728161.jpg
,,[CS]Color=Rasta:213.preview.png,128_source_1424728188.jpg
,,[CS]Color=Silver:#D1D1D1,129_source_1424728219.jpg
Product,469,,
,,[CS]Color=Blue:#005EFF,187_source_1426392096.jpg
Product,474,,
,,[CS]Color=White:#FFFFFF,609_source_1433788687.jpg
,,[CS]Color=Blue:#0000FF,610_source_1433788711.jpg
,,[CS]Color=Black:#000000,611_source_1433788731.jpg
,,[CS]Color=Amber:#D17C14,612_source_1433788751.jpg
,,[CS]Color=Purple:#B30FD4,613_source_1433788774.jpg
,,[CS]Color=Teal:#0A87AD,614_source_1433788798.jpg
,,[CS]Color=Pink:#FA0DFA,615_source_1433788825.jpg
,,[CS]Color=Green:#008000,648_source_1434322653.jpg
,,[CS]Color=Fumed:#C9ED3B,649_source_1434322667.jpg
Product,484,,
,,[CS]Color=Clear:#FFFFFF,435_source_1431727559.jpg
,,[CS]Color=Green:#008000,436_source_1431727585.jpg
,,[CS]Color=Blue:#0000FF,437_source_1431727608.jpg
,,[CS]Color=Pink:#FF66FF,438_source_1431727631.jpg
,,[CS]Color=Amber:#B03915,439_source_1431727651.jpg
,,[CS]Color=Charcoal:#0F2E07,440_source_1431727674.jpg
Product,487,,
,,[CS]Color=Clear:#FFFFFF,413_source_1431717173.jpg
,,[CS]Color=Green:#008000,414_source_1431717223.jpg
,,[CS]Color=Blue:#0000FF,415_source_1431717253.jpg
,,[CS]Color=Pink:#FF66FF,416_source_1431717278.jpg
,,[CS]Color=Amber:#B03915,417_source_1431717304.jpg
,,[CS]Color=Charcoal:#0F2E07,418_source_1431717331.jpg
Product,489,,
,,[CS]Color=Blue:#0040FF,35_source_1421297073.jpg
,,[CS]Color=Clear:#F0F0F0,36_source_1421297086.jpg
,,[CS]Color=Clear:#F0F0F0,
,,[CS]Color=Blue:#0040FF,
Product,492,,
,,[CS]Color=Purple Lilac:#F04FFF,325_source_1430523208.jpg
,,[CS]Color=Amber:#D16A1B,326_source_1430523220.jpg
Product,500,,
,,[CS]Color=Teal:#13C29F,96_source_1424487205.jpg
,,[CS]Color=Teal:#13C29F,97_source_1424487209.jpg
,,[CS]Color=Teal:#13C29F,98_source_1424487209.jpg
,,[CS]Color=Blue:#005EFF,99_source_1424487506.jpg
,,[CS]Color=Black:#000000,100_source_1424487538.jpg
,,[CS]Color=White:#FFFFFF,101_source_1424487566.jpg
,,[CS]Color=Purple:#BD00BD,102_source_1424487608.jpg
,,[CS]Color=Pink:#FFA6ED,103_source_1424487624.jpg
,,[CS]Color=Green:#00D407,104_source_1424487639.jpg
Product,502,,
,,[CS]Color=Blue:#005EFF,751_source_1438187476.jpg
,,[CS]Color=Green:#00D407,752_source_1438187497.jpg
,,[CS]Color=Red:#FF0000,753_source_1438187520.jpg
Product,527,,
,,[CS]Color=Clear:208.preview.png,87_source_1424140879.jpg
,,[CS]Color=Green:#00D407,88_source_1424141065.jpg
Product,529,,
,,[CS]Color=Blue:#005EFF,139_source_1424760041.jpg
,,[CS]Color=Green:#00D407,140_source_1424760139.jpg
Product,533,,
,,[CS]Color=Teal:#0FC4C4,42_source_1421906606.jpg
,,[CS]Color=Blue:#004DFF,43_source_1421906622.jpg
,,[CS]Color=Pink:#FFB8EA,44_source_1421906640.jpg
,,[CS]Color=Green:#00BA19,45_source_1421906660.jpg
Product,534,,
,,[CS]Color=Blue:#005EFF,90_source_1424484822.jpg
,,[CS]Color=Green:#00D407,91_source_1424484849.jpg
Product,550,,
,,[RT]Choose one=14mm (+$8),
,,[RT]Choose one=18mm (+$8),
,,[RT]Choose one=10mm,527_source_1432559396.jpg
Product,557,,
,,[CS]Color=Blue:#005EFF,899_source_1447972562.jpg
,,[CS]Color=Purple:#BD00BD,900_source_1447972583.jpg
,,[CS]Color=Red:#FF0000,901_source_1447972600.jpg
,,[CS]Color=Pink:#FFA6ED,902_source_1447972617.jpg
Product,559,,
,,[CS]Color=Blue:#0066FF,47_source_1422228235.jpg
,,[CS]Color=Green:#00ED0C,48_source_1422228252.jpg
,,[CS]Color=Teal:#00BFAF,49_source_1422228270.jpg
,,[CS]Color=White:#FFFFFF,50_source_1422228367.jpg
,,[CS]Color=White:#FFFFFF,51_source_1422228368.jpg
,,[CS]Color=Black:#000000,52_source_1422228404.jpg
Product,568,,
,,[CS]Color=Pink:#FF69F0,46_source_1422171589.jpg
Product,570,,
,,[CS]Color=Purple:#B500B5,53_source_1422237320.jpg
,,[CS]Color=Pink:#FFC9FF,54_source_1422237337.jpg
Product,573,,
,,[CS]Color=Blue:#005EFF,390_source_1431705366.jpg
,,[CS]Color=Green:#00D407,391_source_1431705388.jpg
,,[CS]Color=Black:#000000,392_source_1431705409.jpg
,,[CS]Color=Clear:208.preview.png,393_source_1431705431.jpg
Product,577,,
,,[CS]Choose a Color=Black:#000000,632_source_1434164880.jpg
Product,590,,
,,[CS]Color=Orange:#FF7B00,359_source_1431186639.jpg
,,[CS]Color=Teal:#0DBCE3,360_source_1431186651.jpg
,,[CS]Color=Purple:#8800CC,361_source_1431186663.jpg
,,[CS]Color=Pink:#FFB8F8,362_source_1431186676.jpg
,,[CS]Color=Green :#10BD00,363_source_1431186690.jpg
Product,596,,
,,[CS]Color=Clear:208.preview.png,114_source_1424664147.jpg
Product,598,,
,,[CS]Color=Black:#000000,60_source_1422257675.jpg
,,[CS]Color=Blue:#0037FF,62_source_1422257707.jpg
Product,599,,
,,[CS]Color=Black:#000000,820_source_1441150218.jpg
,,[CS]Color=Clear:208.preview.png,821_source_1441150227.jpg
,,[CS]Color=Blue:#005EFF,876_source_1446411333.jpg
,,[CS]Color=Green:#00D407,877_source_1446411502.jpg
Product,607,,
,,[CS]Color=Blue:#0040FF,41_source_1421748184.jpg
Product,608,,
,,[CS]Color=Green:#008000,802_source_1439994173.jpg
,,[CS]Color=Blue:#0000FF,803_source_1439994202.jpg
,,[CS]Color=Amber:#E65F1C,804_source_1439994231.jpg
,,[CS]Color=Amber:#E65F1C,805_source_1439994240.jpg
Product,609,,
,,[CS]Color=Blue:#0040FF,334_source_1430871796.jpg
,,[CS]Color=Green:#58B54A,335_source_1430871812.jpg
Product,617,,
,,[CS]Color=Red:#FF0000,117_source_1424674348.jpg
,,[CS]Color=Green:#00D407,118_source_1424674362.jpg
Product,646,,
,,[CS]Color=Pink:#FFA6ED,141_source_1424889737.jpg
,,[CS]Color=Black:#000000,142_source_1424889822.jpg
,,[CS]Color=Gun Metal:#383838,644_source_1434319433.jpg
,,[CS]Color=Purple:#BD00BD,645_source_1434319457.jpg
Product,652,,
,,[CS]Color=Electric Blue:#0000FF,305_source_1429299116.jpg
,,[CS]Color=Pink Cadillac:#FF00A6,306_source_1429299144.jpg
,,[CS]Color=Greenest Gumdrop:#008000,307_source_1429299191.jpg
,,[CS]Color=Summer Orange:#FFA200,308_source_1429299244.jpg
,,[CS]Color=Ocean Teal:#0298B3,309_source_1429299275.jpg
,,[CS]Color=Canary Gold:#E0E01B,310_source_1429299311.jpg
,,[CS]Color=Purple:#8C1BF5,311_source_1429299346.jpg
,,[CS]Color=Glow in the Dark:292.preview.png,312_source_1429299376.jpg
Product,669,,
,,[CS]Color=Blue:#0051FF,55_source_1422241164.jpg
,,[CS]Color=Teal:#00D7DB,56_source_1422241183.jpg
,,[CS]Color=Red:#FF0000,57_source_1422241198.jpg
,,[CS]Color=Purple:#8B14DB,728_source_1435866605.jpg
Product,670,,
,,[CS]Color=Blue:#0048FF,65_source_1422331526.jpg
,,[CS]Color=Blue:#0048FF,66_source_1422331526.jpg
,,[CS]Color=Green:#00DE16,67_source_1422331538.jpg
,,[CS]Color=Clear:#FFFFFF,68_source_1422331565.jpg
,,[CS]Color=Clear:#FFFFFF,69_source_1422331570.jpg
Product,683,,
,,[CS]Color=Silver:#D1D1D1,621_source_1434132211.jpg
,,[CS]Color=Black:#000000,661_source_1434478579.jpg
Product,684,,
,,[CS]Color=Green:#008000,895_source_1447882338.jpg
,,[CS]Color=Blue:#0000FF,912_source_1448309340.jpg
Product,694,,
,,[CS]Color=Green:#00D407,74_source_1423764707.jpg
,,[CS]Color=Clear:208.preview.png,75_source_1423764721.jpg
Product,697,,
,,[CS]Color=White:#FFFFFF,213_source_1426654612.jpg
,,[CS]Color=Blue:#005EFF,214_source_1426654629.jpg
,,[CS]Color=Teal:#13C29F,215_source_1426654645.jpg
Product,710,,
,,[CS]Color=Blue:#005EFF,76_source_1423825755.jpg
,,[CS]Color=Green:#00D407,77_source_1423825770.jpg
,,[CS]Color=Green:#00D407,78_source_1423825771.jpg
,,[CS]Color=Black:#000000,79_source_1423825788.jpg
,,[CS]Color=Gun Metal:#383838,80_source_1423825801.jpg
Product,712,,
,,[CS]Color=Blue:#005EFF,81_source_1423880919.jpg
,,[CS]Color=Green:#00D407,82_source_1423880933.jpg
,,[CS]Color=Black:#000000,83_source_1423880946.jpg
,,[CS]Color=Red:#FF0000,84_source_1423880959.jpg
Product,721,,
,,[CS]Color=Black:#000000,559_source_1433038256.jpg
,,[CS]Color=Blue:#0040FF,560_source_1433038270.jpg
,,[CS]Color=Green:#12D400,561_source_1433038283.jpg
,,[CS]Color=White:#FFFFFF,562_source_1433038296.jpg
,,[CS]Color=Pink:#FF7DFF,563_source_1433038307.jpg
,,[CS]Color=Fumed:#FFF266,564_source_1433038317.jpg
,,[CS]Color=Glow in the Dark:372.preview.png,565_source_1433038334.jpg
Product,725,,
,,[S]Choose Options=With 18mm Inset honeycomb ashcatcher (+$49),86_source_1424077098.jpg
Product,726,,
,,[CS]Choose a Color=White:#FFFFFF,388_source_1431625895.jpg
,,[CS]Choose a Color=Black:#000000,389_source_1434321355.jpg
Product,745,,
,,[RT]Joint Size=10mm,152_source_1425939366.jpg
,,[RT]Joint Size=14mm,153_source_1425939377.jpg
,,[RT]Joint Size=18mm,154_source_1425939387.jpg
Product,794,,
,,[RT]Joint Size=10mm,159_source_1426015977.jpg
,,[RT]Joint Size=14mm,160_source_1426015994.jpg
,,[RT]Joint Size=18mm,161_source_1426016017.jpg
,,[RT]Joint Size=18mm,162_source_1426016018.jpg
Product,808,,
,,[RT]Joint Size=10mm,167_source_1426137920.jpg
,,[RT]Joint Size=14mm,168_source_1426137935.jpg
,,[RT]Joint Size=18mm,169_source_1426137948.jpg
Product,811,,
,,[CS]Choose a Color=Blue:#005EFF,228_source_1427125846.jpg
,,[CS]Choose a Color=Black:#000000,229_source_1427125925.jpg
,,[CS]Choose a Color=Green:#00D407,230_source_1427126028.jpg
,,[CS]Choose a Color=Yellow:#FFF200,298_source_1442011464.jpg
,,[CS]Choose a Color=Red:#FF0000,849_source_1442011515.jpg
Product,814,,
,,[CS]Choose a Color=Purple:#BD00BD,328_source_1430703062.jpg
,,[CS]Choose a Color=Orange:#FF7700,329_source_1430703094.jpg
Product,817,,
,,[CS]Color=Blue:#005EFF,741_source_1435871912.jpg
,,[CS]Color=Green:#00D407,742_source_1435871923.jpg
Product,837,,
,,[CS]Choose a Color=Blue:#005EFF,219_source_1426877738.jpg
,,[CS]Choose a Color=White:#FFFFFF,220_source_1426877431.jpg
,,[CS]Choose a Color=Black:#000000,221_source_1426877443.jpg
Product,849,,
,,[CS]Choose a Color=Green:#00D407,370_source_1431217061.jpg
,,[CS]Choose a Color=Purple:#BD00BD,371_source_1431217072.jpg
Product,855,,
,,[CS]Color=Black:#000000,269_source_1428560334.jpg
,,[CS]Color=Teal:#1CC7B9,270_source_1428560529.jpg
,,[CS]Color=White:#FFFFFF,271_source_1428560545.jpg
,,[CS]Color=Fumed:#DDFF57,272_source_1428560560.jpg
,,[CS]Color=Green:#26BF00,722_source_1435697893.jpg
,,[CS]Color=Blue:#0E00CF,723_source_1435697929.jpg
,,[CS]Color=Pink:#FF6BFF,724_source_1435823854.jpg
Product,878,,
,,[CS]Choose a Color=Black:#000000,260_source_1428218994.jpg
,,[CS]Choose a Color=White:#FFFFFF,261_source_1428219019.jpg
Product,882,,
,,[CS]Choose a Color=Black:#000000,262_source_1430771085.jpg
,,[CS]Choose a Color=White:#FFFFFF,263_source_1428222234.jpg
Product,896,,
,,[CS]Choose a Color=Black:#000000,267_source_1428556337.jpg
,,[CS]Choose a Color=Red:#FF0000,268_source_1428556397.jpg
Product,901,,
,,[CS]Color=Black:#000000,293_source_1429054995.jpg
,,[CS]Color=Blue:#0015FF,294_source_1429055009.jpg
,,[CS]Color=Green:#00AD0C,295_source_1429055021.jpg
,,[CS]Color=Red:#F50000,296_source_1429055032.jpg
,,[CS]Color=Chrome:#D1D1D1,297_source_1429055043.jpg
Product,916,,
,,[CS]Color=Pink:#FFA6ED,871_source_1444847730.jpg
,,[CS]Color=Clear:208.preview.png,872_source_1444847748.jpg
Product,922,,
,,[RT]Joint Type=Female,319_source_1430005400.jpg
,,[RT]Joint Type=Male,320_source_1430005416.jpg
Product,925,,
,,[RT]Joint Size=14mm,352_source_1431139097.jpg
,,[RT]Joint Size=18mm,353_source_1431139108.jpg
Product,931,,
,,[CS]Color=Purple Lilac:#C967FA,327_source_1430670097.jpg
Product,954,,
,,[RT]Joint Size=10mm,349_source_1431138950.jpg
,,[RT]Joint Size=14mm,350_source_1431138962.jpg
,,[RT]Joint Size=18mm,351_source_1431138976.jpg
Product,956,,
,,[RT]Style=The Scribe,354_source_1431139311.jpg
,,[RT]Style=The Cup,355_source_1431139328.jpg
,,[RT]Style=The Scoop,356_source_1431139342.jpg
Product,962,,
,,[RT]Joint Size=14mm,357_source_1431139674.jpg
,,[RT]Joint Size=18mm,358_source_1431139686.jpg
Product,965,,
,,[RT]Choose Accessory:=Female Dry Herb Bowl,368_source_1431212990.jpg
,,[RT]Choose Accessory:=Quartz Banger Nail ,369_source_1431213003.jpg
Product,974,,
,,[RT]Choose Quantity=5 Pack,
,,[RT]Choose Quantity=Box (24 Packs),
Product,975,,
,,[RT]Choose Quantity=5 Pack,
,,[RT]Choose Quantity=Box (24 Packs),
Product,976,,
,,[RT]Choose Quantity=5 Pack,
,,[RT]Choose Quantity=Box (24 Packs),
Product,977,,
,,[RT]Choose Quantity=5 Pack,
,,[RT]Choose Quantity=Box (24 Packs),
Product,978,,
,,[RT]Choose Quantity=5 Pack,
,,[RT]Choose Quantity=Box (24 Packs),
Product,981,,
,,[CS]Color=Clear:#FFFFFF,394_source_1431710570.jpg
,,[CS]Color=Green:#008000,395_source_1431710587.jpg
,,[CS]Color=Blue:#0000FF,396_source_1431710607.jpg
,,[CS]Color=Pink:#FF66FF,397_source_1431710628.jpg
,,[CS]Color=Amber:#B03915,398_source_1431710645.jpg
,,[CS]Color=Charcoal:#0F2E07,399_source_1431710663.jpg
Product,982,,
,,[CS]Color=Clear:#FFFFFF,400_source_1431712161.jpg
,,[CS]Color=Green:#008000,401_source_1431712179.jpg
,,[CS]Color=Blue:#0000FF,402_source_1431712206.jpg
,,[CS]Color=Pink:#FF66FF,403_source_1431712224.jpg
,,[CS]Color=Amber:#B03915,404_source_1431712243.jpg
,,[CS]Color=Charcoal:#0F2E07,405_source_1431712261.jpg
Product,983,,
,,[CS]Color=Clear:#FFFFFF,425_source_1431719285.jpg
,,[CS]Color=Green:#008000,426_source_1431719304.jpg
,,[CS]Color=Blue:#0000FF,427_source_1431719348.jpg
,,[CS]Color=Pink:#FF66FF,428_source_1431719374.jpg
,,[CS]Color=Amber:#B03915,429_source_1431719409.jpg
,,[CS]Color=Charcoal:#0F2E07,430_source_1431719470.jpg
Product,986,,
,,[CS]Color=Black:#000000,431_source_1431726800.jpg
,,[CS]Color=Slyme:#7BDB21,432_source_1431726848.jpg
,,[CS]Color=Wisteria:#B433FF,433_source_1431726879.jpg
,,[CS]Color=Slyme Stardust:#A5FA6C,434_source_1431726903.jpg
Product,987,,
,,[CS]Color=Cherry:#960202,441_source_1431733480.jpg
,,[CS]Color=Wood Grain:#995603,442_source_1431733505.jpg
,,[CS]Color=Silver:#A3A3A3,443_source_1431733549.jpg
,,[CS]Color=Black:#000000,444_source_1431733567.jpg
Product,988,,
,,[CS]Color=Green:#14A314,451_source_1431734429.jpg
,,[CS]Color=Blue:#002BD6,452_source_1431734446.jpg
,,[CS]Color=Black:#000000,453_source_1431734461.jpg
,,[CS]Color=Charcoal:#666666,454_source_1431734473.jpg
,,[CS]Color=Amber:#CC3C08,455_source_1431734486.jpg
,,[CS]Color=Pink:#FF0D96,456_source_1431734500.jpg
Product,991,,
,,[CS]Choose a Color=Black:#000000,457_source_1431750612.jpg
,,[CS]Choose a Color=Clear:208.preview.png,458_source_1431750634.jpg
Product,1002,,
,,[CS]Color=Red:#FF0000,584_source_1433198246.jpg
,,[CS]Color=Green:#04E004,585_source_1433198262.jpg
,,[CS]Color=Blue:#0000FF,586_source_1433198302.jpg
,,[CS]Color=White:#FFFFFF,587_source_1433198456.jpg
,,[CS]Color=Clear:#FFFFFF,588_source_1433198479.jpg
,,[CS]Color=Purple:#9B0DFA,589_source_1433198507.jpg
,,[CS]Color=Soft Pink:#FF7FCE,590_source_1433198527.jpg
,,[CS]Color=Hot Pink:#FF29C6,591_source_1433198550.jpg
,,[CS]Color=Black:#000000,592_source_1433198635.jpg
,,[CS]Color=Gold:#E1FF38,593_source_1433198757.jpg
,,[CS]Color=Dark Green:#038712,620_source_1434130808.jpg
Product,1003,,
,,[CS]Choose a Color=Clear:#FFFFFF,528_source_1432577238.jpg
,,[CS]Choose a Color=Red (+$100):#DE0404,529_source_1432577496.jpg
,,[CS]Choose a Color=Red (+$100):#DE0404,
Product,1004,,
,,[CS]Color=Rasta:346.preview.png,491_source_1432091773.jpg
,,[CS]Color=Fire:347.preview.png,492_source_1432091788.jpg
,,[CS]Color=Air:348.preview.png,493_source_1432091800.jpg
,,[CS]Color=Dichro:350.preview.png,494_source_1432091811.jpg
,,[CS]Color=Purple:351.preview.png,495_source_1432091823.jpg
,,[CS]Color=Slyme:352.preview.png,496_source_1432091835.jpg
,,[CS]Color=Black:#000000,497_source_1432091845.jpg
,,[CS]Color=Jail:354.preview.png,498_source_1432091858.jpg
,,[CS]Color=Yellow:355.preview.png,499_source_1432091868.jpg
Product,1005,,
,,[CS]Color=Rasta:346.preview.png,516_source_1432092658.jpg
,,[CS]Color=Air:348.preview.png,517_source_1432092669.jpg
,,[CS]Color=Dichro:350.preview.png,518_source_1432092685.jpg
,,[CS]Color=Purple:351.preview.png,519_source_1432092714.jpg
,,[CS]Color=Jail:354.preview.png,521_source_1432092734.jpg
,,[CS]Color=Yellow:355.preview.png,522_source_1432092758.jpg
,,[CS]Color=Clear:#FFFFFF,524_source_1432092771.jpg
Product,1009,,
,,[CS]Choose a Color=Black:#000000,743_source_1436244292.jpg
,,[CS]Choose a Color=White:#FFFFFF,744_source_1436244303.jpg
Product,1012,,
,,[CS]Color=Green:#008000,531_source_1432579702.jpg
,,[CS]Color=Blue:#0000FF,532_source_1432579715.jpg
,,[CS]Color=Amber:#B03915,533_source_1432579725.jpg
Product,1020,,
,,[CS]Color=Black:#000000,534_source_1432792366.jpg
,,[CS]Color=Red:#FF0000,535_source_1432792382.jpg
,,[CS]Color=Purple:#BD00BD,536_source_1432792396.jpg
,,[CS]Color=Teal:#13C29F,537_source_1432792409.jpg
Product,1050,,
,,[RT]Joint Type=Female,911_source_1448305479.jpg
Product,1060,,
,,[CS]Color=Green:#00D407,557_source_1433027008.jpg
,,[CS]Color=Purple:#BD00BD,558_source_1433027018.jpg
Product,1061,,
,,[CS]Color=Green:#008000,555_source_1433011711.jpg
,,[CS]Color=Fumed:#FBFF7A,556_source_1433011725.jpg
Product,1067,,
,,[CS]Color=Black:#000000,646_source_1434322355.jpg
,,[CS]Color=Fumed:#DDFF57,647_source_1434322364.jpg
Product,1069,,
,,[CS]Color=Red:#FF0000,553_source_1433010218.jpg
,,[CS]Color=Slyme:#AFFF38,554_source_1433010230.jpg
Product,1101,,
,,[CS]Color=Red:#FF0000,635_source_1434169432.jpg
,,[CS]Color=Green:#279C2F,636_source_1434169444.jpg
,,[CS]Color=Blue:#0000FF,637_source_1434169454.jpg
,,[CS]Color=Black:#000000,638_source_1434169465.jpg
,,[CS]Color=Light Blue:#7AC5FF,639_source_1434169476.jpg
,,[CS]Color=Slyme:#9EFF4F,640_source_1434169487.jpg
,,[CS]Color=Charcoal:#6D6D6E,641_source_1434169499.jpg
Product,1108,,
,,[CS]Color=Black:#000000,896_source_1447883651.jpg
,,[CS]Color=Green:#008000,897_source_1447883674.jpg
Product,1113,,
,,[CS]Color=Wisteria:#E196FF,652_source_1434396116.jpg
,,[CS]Color=Teal:#04BBDB,653_source_1434396133.jpg
Product,1117,,
,,[CS]Color=Blue:#005EFF,626_source_1434157366.jpg
,,[CS]Color=Green:#00D407,627_source_1434157388.jpg
Product,1119,,
,,[CS]Color=Teal:#13C29F,624_source_1434157822.jpg
,,[CS]Color=Blue:#005EFF,625_source_1434158345.jpg
Product,1120,,
,,[CS]Color=Blue:#005EFF,628_source_1434158535.jpg
,,[CS]Color=Red:#FF0000,629_source_1434158705.jpg
Product,1122,,
,,[CS]Choose a Color=Black:#000000,633_source_1434168090.jpg
,,[CS]Choose a Color=White:#FFFFFF,634_source_1434168100.jpg
Product,1129,,
,,[CS]Color=Charcoal:#666666,772_source_1439480689.jpg
,,[CS]Color=Amber:#CC3C08,773_source_1439480705.jpg
Product,1141,,
,,[CS]Color=Red:#FF0000,654_source_1434475550.jpg
,,[CS]Color=Black:#000000,655_source_1434475562.jpg
,,[CS]Color=White:#FFFFFF,656_source_1434475571.jpg
,,[CS]Color=Burl Wood:#BF6900,657_source_1434475584.jpg
,,[CS]Color=Camo:407.preview.jpg,658_source_1434475595.jpg
Product,1142,,
,,[CS]Color=Stainless Steel:#A8A6A6,659_source_1434478278.jpg
,,[CS]Color=Black:#000000,660_source_1434478288.jpg
Product,1150,,
,,[CS]Color=Red:#FF0000,676_source_1434846065.jpg
,,[CS]Color=Blue:#005EFF,677_source_1434846076.jpg
Product,1157,,
,,[CS]Color=Green:#00D407,678_source_1435184308.jpg
,,[CS]Color=Red:#FF0000,679_source_1435184323.jpg
Product,1159,,
,,[CS]Color=Blue:#005EFF,672_source_1434845776.jpg
,,[CS]Color=Green:#00D407,673_source_1434845785.jpg
,,[CS]Color=Red:#FF0000,674_source_1434845797.jpg
,,[CS]Color=Yellow:#FFF200,675_source_1434845807.jpg
Product,1164,,
,,[CS]Color=Blue:#005EFF,680_source_1435184923.jpg
,,[CS]Color=Purple:#BD00BD,681_source_1435184942.jpg
Product,1180,,
,,[CS]Color=Blue:#005EFF,725_source_1435864986.jpg
,,[CS]Color=Orange:#FF7700,726_source_1435865002.jpg
,,[CS]Color=Rasta:213.preview.png,727_source_1435865015.jpg
Product,1191,,
,,[CS]Color=Black:#000000,735_source_1435869435.jpg
,,[CS]Color=White:#FFFFFF,736_source_1435869447.jpg
,,[CS]Color=Fumed:#DDFF57,737_source_1435869466.jpg
,,[CS]Color=Green:#26BF00,738_source_1435869489.jpg
,,[CS]Color=Blue:#0E00CF,739_source_1435869509.jpg
,,[CS]Color=Pink:#FF6BFF,740_source_1435869521.jpg
Product,1192,,
,,[RT]Joint Type:=10mm,745_source_1436299447.jpg
,,[RT]Joint Type:=14mm,746_source_1436299459.jpg
Product,1207,,
,,[CS]Color=Sunrise:#E6CA15,768_source_1439475862.jpg
,,[CS]Color=Black:#000000,769_source_1439475877.jpg
,,[CS]Color=Gray:#696969,878_source_1446418023.jpg
Product,1215,,
,,[CS]Color=Yellow:#F7FF00,828_source_1441157646.jpg
,,[CS]Color=Orange:#FFA200,829_source_1441157662.jpg
Product,1236,,
,,[CS]Color=Blue:#005EFF,756_source_1438841033.jpg
,,[CS]Color=Red:#FF0000,757_source_1438841044.jpg
Product,1244,,
,,[CS]Color=Purple Slyme:#D27EFC,770_source_1439476086.jpg
Product,1253,,
,,[CS]Color=Blue:#005EFF,806_source_1439998151.jpg
,,[CS]Color=Green:#00D407,807_source_1439998167.jpg
,,[CS]Color=Purple:#BD00BD,808_source_1439998190.jpg
Product,1269,,
,,[CS]Color=Green Slyme:#71FA71,778_source_1439841368.jpg
,,[CS]Color=Black:#000000,779_source_1439841389.jpg
Product,1271,,
,,[CS]Color=White:#FFFFFF,775_source_1439840285.jpg
,,[CS]Color=Black:#000000,776_source_1439840888.jpg
Product,1272,,
,,[CS]Color=Black:#000000,783_source_1439839570.jpg
,,[CS]Color=Green Slyme:#71FA71,784_source_1440021557.jpg
Product,1273,,
,,[CS]Color=Black:#000000,780_source_1439837694.jpg
,,[CS]Color=White:#FFFFFF,781_source_1439837735.jpg
,,[CS]Color=Green Slyme:#71FA71,782_source_1439837780.jpg
Product,1278,,
,,[CS]Color=Red:#FF0000,837_source_1441317225.jpg
,,[CS]Color=Green:#008000,838_source_1441317243.jpg
,,[CS]Color=Blue:#0000FF,839_source_1441317315.jpg
,,[CS]Color=Purple:#B40BDE,840_source_1441317278.jpg
Product,1301,,
,,[CS]Color=Red Elvis:#FF0000,813_source_1440207963.jpg
,,[CS]Color=Green Slyme:#8EF58E,814_source_1440207990.jpg
,,[CS]Color=Black Dichro:#000000,898_source_1447953748.jpg
Product,1308,,
,,[CS]Color=Blue:#005EFF,823_source_1441156259.jpg
,,[CS]Color=Green:#00D407,824_source_1441156275.jpg
,,[CS]Color=Black:#000000,825_source_1441156297.jpg
,,[CS]Color=Clear:208.preview.png,826_source_1441156318.jpg
Product,1309,,
,,[CS]Color=Blue:#0040FF,830_source_1441165784.jpg
,,[CS]Color=Green:#58B54A,831_source_1441165794.jpg
Product,1311,,
,,[CS]Color=Green:#58B54A,827_source_1441156533.jpg
Product,1326,,
,,[CS]Color=Pink:#FF00F7,
,,[CS]Color=Green:#008000,
,,[CS]Color=Blue:#0000FF,
,,[CS]Color=White:#FFFFFF,
Product,1366,,
,,[CS]Color=Red:#FF0000,859_source_1444605443.jpg
,,[CS]Color=Green:#00D407,861_source_1444605484.jpg
Product,1368,,
,,[CS]Color=Black:#000000,
,,[CS]Color=Teal:#13C29F,
Product,1431,,
,,[CS]Choose a Color=Black:#000000,903_source_1447975135.jpg
Product,1436,,
,,[CS]Color=Slyme:#7BFF00,873_source_1446323315.jpg
,,[CS]Color=Green:#008000,874_source_1446323340.jpg
,,[CS]Color=Orange:#FF6600,875_source_1446323372.jpg
Product,1441,,
,,[CS]Choose a Color=Black:#000000,887_source_1447037647.jpg
,,[CS]Choose a Color=Red:#FF0000,888_source_1447037664.jpg
,,[CS]Choose a Color=Red:#FF0000,889_source_1447037664.jpg
Product,1456,,
,,[CS]Color=Black:#000000,909_source_1448302253.jpg
,,[CS]Color=White:#ffffff,910_source_1448302280.jpg
Product,1480,,
,,[CS]Choose a Color=Clear:208.preview.png,904_source_1447980830.jpg
,,[CS]Choose a Color=Black:#000000,905_source_1447980880.jpg
Product,1481,,
,,[CS]Color=Slyme:#3bff58,906_source_1447981195.jpg
,,[CS]Color=Wisteria:#bb7bd1,907_source_1447981214.jpg